"id","industryid","siteid","sitename","channelid","channelname","type","userid","createtime"
"3491","52","4298028535944830354","百度","2092498004122776199","汽车","11","1","2019/8/5 14:09:39"
"3492","52","-9215081843127186919","新浪财经移动端","","","31","1","2019/8/5 14:09:39"
"3493","52","-9129605718231186428","新浪新闻移动端","6075258538654280057","汽车","31","1","2019/8/5 14:09:39"
"3521","55","-970376464133967433","新华网移动端","3224423085048202922","资讯-列表新闻","31","1","2019/8/14 15:56:51"
"3522","55","5628467610408463858","今日头条","-2407732245958998834","推荐","11","1","2019/8/14 15:56:51"
"3523","55","-6626102723183488969","ZAKER移动端","3696724096151888808","厦门","31","1","2019/8/14 15:56:51"
"6558","5","1120018217835149745","汽车之家","3699948418883187981","资讯文章_新能源","11","1","2019/8/27 14:24:37"
"6559","5","1120018217835149745","汽车之家","849154588247248044","汽车之家论坛_北汽新能源EX论坛","11","1","2019/8/27 14:24:37"
"6560","5","1120018217835149745","汽车之家","-9197884927942032518","汽车之家论坛_北汽新能源EH400论坛","11","1","2019/8/27 14:24:37"
"6561","5","1120018217835149745","汽车之家","-7795863893123758003","汽车之家论坛_北汽新能源D80EV论坛","11","1","2019/8/27 14:24:37"
"6562","5","1120018217835149745","汽车之家","-5169230459145106339","汽车之家论坛_北汽新能源EX300L论坛","11","1","2019/8/27 14:24:37"
"6563","5","1120018217835149745","汽车之家","3202814934711945152","汽车之家论坛_野马T70新能源论坛","11","1","2019/8/27 14:24:37"
"6564","5","1120018217835149745","汽车之家","-6984710171774552867","汽车之家论坛_奔驰C级新能源论坛","11","1","2019/8/27 14:24:37"
"6565","5","1120018217835149745","汽车之家","-6410834127197681643","汽车之家论坛_奔驰S级新能源论坛","11","1","2019/8/27 14:24:37"
"6566","5","1120018217835149745","汽车之家","3550012011958666074","汽车之家论坛_逸动新能源论坛","11","1","2019/8/27 14:24:37"
"6567","5","1120018217835149745","汽车之家","-9037211816810132143","汽车之家论坛_比亚迪F3新能源论坛","11","1","2019/8/27 14:24:37"
"6568","5","1120018217835149745","汽车之家","-4239889124544045853","汽车之家论坛_Cayenne新能源论坛","11","1","2019/8/27 14:24:37"
"6569","5","1120018217835149745","汽车之家","-4554501880282478570","汽车之家论坛_沃尔沃S60L新能源论坛","11","1","2019/8/27 14:24:37"
"6570","5","1120018217835149745","汽车之家","4435155843785481339","汽车之家论坛_smartfortwo新能源论坛","11","1","2019/8/27 14:24:37"
"6571","5","1120018217835149745","汽车之家","-5027222612560111154","汽车之家论坛_沃尔沃XC90新能源论坛","11","1","2019/8/27 14:24:37"
"6572","5","1120018217835149745","汽车之家","-4805729382631368696","汽车之家论坛_Panamera新能源论坛","11","1","2019/8/27 14:24:37"
"6573","5","1120018217835149745","汽车之家","-7226213676434679712","汽车之家论坛_奥迪A3(进口)新能源论坛","11","1","2019/8/27 14:24:37"
"6574","5","1120018217835149745","汽车之家","-2326409210467861732","汽车之家论坛_高尔夫(进口)新能源论坛","11","1","2019/8/27 14:24:37"
"6575","5","1120018217835149745","汽车之家","284116991545173396","汽车之家论坛_宝马5系新能源论坛","11","1","2019/8/27 14:24:37"
"6576","5","1120018217835149745","汽车之家","-881669679149391911","汽车之家论坛_奔驰GLE新能源论坛","11","1","2019/8/27 14:24:37"
"6577","5","1120018217835149745","汽车之家","-5675868184543287221","汽车之家论坛_传祺GA5新能源论坛","11","1","2019/8/27 14:24:37"
"6578","5","1120018217835149745","汽车之家","-5609526243594365376","汽车之家论坛_smartforfour新能源论坛","11","1","2019/8/27 14:24:37"
"6579","5","1120018217835149745","汽车之家","7338830648945311595","汽车之家论坛_奔奔新能源论坛","11","1","2019/8/27 14:24:37"
"6580","5","1120018217835149745","汽车之家","2479498375239901003","汽车之家论坛_宝马7系新能源论坛","11","1","2019/8/27 14:24:37"
"6581","5","1120018217835149745","汽车之家","-8764553857967384679","汽车之家论坛_宝马X1新能源论坛","11","1","2019/8/27 14:24:37"
"6582","5","1120018217835149745","汽车之家","-4529870606536044520","汽车之家论坛_宝马X5新能源论坛","11","1","2019/8/27 14:24:37"
"6583","5","1120018217835149745","汽车之家","7928801501797394909","汽车之家论坛_长城C30新能源论坛","11","1","2019/8/27 14:24:37"
"6584","5","6942845200315040931","新华网","3747790456331099170","汽车_新能源","11","1","2019/8/27 14:24:37"
"6585","5","6942845200315040931","新华网","-5966506265519642967","新华能源_新能源","11","1","2019/8/27 14:24:37"
"6586","5","6942845200315040931","新华网","-8565655340138201738","能源_新能源","11","1","2019/8/27 14:24:37"
"6587","5","6942845200315040931","新华网","-1327881053212157070","新能源","11","1","2019/8/27 14:24:37"
"6588","5","-4489473672266778119","新浪","-1432363585138816818","新浪汽车_新能源","11","1","2019/8/27 14:24:37"
"6589","5","-4489473672266778119","新浪","-7561439737734352856","新浪汽车_新浪汽车论坛_北汽新能源","11","1","2019/8/27 14:24:37"
"6590","5","-4489473672266778119","新浪","-162648396404998230","新浪汽车_导购_玩转新能源","11","1","2019/8/27 14:24:37"
"6591","5","7970768608323785483","新浪网","8736429610509650594","新浪地产网行业资讯新能源","11","1","2019/8/27 14:24:37"
"6592","5","7970768608323785483","新浪网","7797176852263893102","新浪地产网行业资讯新能源空调","11","1","2019/8/27 14:24:37"
"6593","5","7970768608323785483","新浪网","4469681517071446973","新浪地产网行业资讯新能源太阳能","11","1","2019/8/27 14:24:37"
"6594","5","7970768608323785483","新浪网","-5216025562841608741","财经_新能源_新趋势","11","1","2019/8/27 14:24:37"
"6595","5","7970768608323785483","新浪网","-3786985539276599566","能源_新能源","11","1","2019/8/27 14:24:37"
"6596","5","7970768608323785483","新浪网","-588581239899571022","财经_新能源","11","1","2019/8/27 14:24:37"
"6597","5","5300850574374719337","中华网","-5910212813441453108","汽车频道_资讯文章_新能源","11","1","2019/8/27 14:24:37"
"6598","5","3848692403608200459","青岛新闻网","-3045161576475534249","新能源汽车","11","1","2019/8/27 14:24:37"
"6599","5","6987285798049142538","爱卡汽车网","-4216293919136927744","爱卡汽车_新能源","11","1","2019/8/27 14:24:37"
"6600","5","6987285798049142538","爱卡汽车网","3394544047222711169","爱卡汽车_新能源_用宝典","11","1","2019/8/27 14:24:37"
"6601","5","609299860076491075","爱卡汽车","9055641701560485312","爱卡汽车_新能源","11","1","2019/8/27 14:24:37"
"6602","5","609299860076491075","爱卡汽车","-4279352988780701209","爱卡汽车_新能源_新能源论坛","11","1","2019/8/27 14:24:37"
"6603","5","2136574236516552510","汽车探索","-2667242942535016593","汽车探索_新能源","11","1","2019/8/27 14:24:37"
"6604","5","2136574236516552510","汽车探索","-3715280317982914073","新能源","11","1","2019/8/27 14:24:37"
"6605","5","-5672661370788769583","商都网","70710822827590710","车时代_新能源","11","1","2019/8/27 14:24:37"
"7335","57","8429021015627546101","中国二手车城网","","","11","1","2019/8/29 16:25:44"
"7336","57","-991988160518538240","中国二手车网","","","11","1","2019/8/29 16:25:44"
"7337","57","-5496427139531900336","中国二手车城","","","11","1","2019/8/29 16:25:44"
"7338","57","4481411746235930291","中国网移动端","","","31","1","2019/8/29 16:25:44"
"7339","57","5326006361281710044","中国青年报移动端","","","31","1","2019/8/29 16:25:44"
"7340","57","-5674524754663541261","中国新闻网移动端","","","31","1","2019/8/29 16:25:44"
"7345","54","6942845200315040931","新华网","-1524639144774518815","汽车_商用车","11","1","2019/8/29 16:28:10"
"7346","54","6942845200315040931","新华网","-2894667638421895090","江苏频道_汽车","11","1","2019/8/29 16:28:10"
"7347","54","6942845200315040931","新华网","-2984699431962725153","地方_地方领导_陕西频道_汽车·交通","11","1","2019/8/29 16:28:10"
"7348","54","6942845200315040931","新华网","-2163641350855978565","汽车_新闻","11","1","2019/8/29 16:28:10"
"46711","1","736392662840094165","时代汽车网","-3139408144316315419","时代车网_后市场","11","1","2019/9/2 15:28:24"
"46712","1","736392662840094165","时代汽车网","1642196600312927671","汽车文化","11","1","2019/9/2 15:28:24"
"46713","1","736392662840094165","时代汽车网","-2074320588111833015","时代车网_汽车文化","11","1","2019/9/2 15:28:24"
"46714","1","-6211601587438604167","搜狐汽车","","","11","1","2019/9/2 15:28:24"
"46715","1","-6489007195237090155","中国汽车报网","","","11","1","2019/9/2 15:28:24"
"46716","1","-6679717168409280452","太平洋汽车网","-4858784050904403445","汽车售后_用车频道_保养养护","11","1","2019/9/2 15:28:24"
"46717","1","-6679717168409280452","太平洋汽车网","6072976552612586686","精选","11","1","2019/9/2 15:28:24"
"46718","1","-4222528107193668298","腾讯汽车","","","11","1","2019/9/2 15:28:24"
"46719","1","5915264236100680599","新浪汽车","4597449803109431293","汽车黑科技","11","1","2019/9/2 15:28:24"
"46720","1","3156540654032442522","百度新闻移动端","-7016551692886365106","汽车","31","1","2019/9/2 15:28:24"
"46721","1","-6429044020594627414","四川新闻网","7519113047139247808","汽车频道_用车","11","1","2019/9/2 15:28:24"
"46722","1","-4560584852676340248","浙江在线","-2517301657970622893","汽车频道_投诉追踪","11","1","2019/9/2 15:28:24"
"46723","1","-2840232495139409290","和讯网","-2631499908583049998","和讯汽车","11","1","2019/9/2 15:28:24"
"46724","1","3848692403608200459","青岛新闻网","-3384375227233947596","汽车频道_维修保养","11","1","2019/9/2 15:28:24"
"46725","1","-8181634869777955721","环球网","-8457167626652913514","汽车_用车","11","1","2019/9/2 15:28:24"
"46726","1","-8181634869777955721","环球网","2371134203507123151","环球汽车_访谈","11","1","2019/9/2 15:28:24"
"46727","1","-8181634869777955721","环球网","4534370232776946437","汽车_高端访谈","11","1","2019/9/2 15:28:24"
"46728","1","2685505257100880089","央广网","41307369863882832","汽车_汽车315","11","1","2019/9/2 15:28:24"
"46729","1","-2490044517700954822","车质网","8524550367737135923","资讯_投诉销量比","11","1","2019/9/2 15:28:24"
"46730","1","-2490044517700954822","车质网","31876502568710444","投诉销量比","11","1","2019/9/2 15:28:24"
"46731","1","-2490044517700954822","车质网","8481833974479384629","车质网_资讯_投诉销量比","11","1","2019/9/2 15:28:24"
"46732","1","-2490044517700954822","车质网","-6775560995979507189","质量投诉","11","1","2019/9/2 15:28:24"
"46733","1","7908015142814796532","慧聪网","6695433436674219815","慧聪网-汽车用品","11","1","2019/9/2 15:28:24"
"46734","1","-6679717168409280452","太平洋汽车网","-1219812802233370563","汽车售后_轮胎频道_新品快讯","11","1","2019/9/2 15:28:24"
"46735","1","-6679717168409280452","太平洋汽车网","8329145365670317561","汽车售后_轮胎频道_轮胎导购","11","1","2019/9/2 15:28:24"
"46736","1","-6679717168409280452","太平洋汽车网","4444137430536197224","用车_轮胎_新品快讯","11","1","2019/9/2 15:28:24"
"46737","1","-6679717168409280452","太平洋汽车网","2708895796799158355","用车_轮胎_轮胎导购","11","1","2019/9/2 15:28:24"
"46738","1","-6679717168409280452","太平洋汽车网","-8545329791652163466","用车_轮胎_轮胎评测","11","1","2019/9/2 15:28:24"
"46739","1","-6679717168409280452","太平洋汽车网","5349341198559613635","用车_轮胎_使用技巧","11","1","2019/9/2 15:28:24"
"46740","1","-6679717168409280452","太平洋汽车网","6280091538932452650","用车_轮胎","11","1","2019/9/2 15:28:24"
"46741","1","-6679717168409280452","太平洋汽车网","1509894177447833764","用车_轮胎_换台建议","11","1","2019/9/2 15:28:24"
"46742","1","-6679717168409280452","太平洋汽车网","-5365875871104234418","汽车售后_轮胎频道","11","1","2019/9/2 15:28:24"
"46743","1","-6679717168409280452","太平洋汽车网","-4947677921162583833","汽车售后_轮胎频道_轮胎评测","11","1","2019/9/2 15:28:24"
"46744","1","-6679717168409280452","太平洋汽车网","-4715533497449796273","精选_改装_性能改装","11","1","2019/9/2 15:28:24"
"46745","1","-6679717168409280452","太平洋汽车网","-8112137088022329516","精选_改装","11","1","2019/9/2 15:28:24"
"46746","1","-6679717168409280452","太平洋汽车网","4530562122963538326","精选_改装_改装知识","11","1","2019/9/2 15:28:24"
"46747","1","-6679717168409280452","太平洋汽车网","2245816363727288783","精选_改装_美容套件改装","11","1","2019/9/2 15:28:24"
"46748","1","-6679717168409280452","太平洋汽车网","8141716244481999569","主题论坛_改装部落","11","1","2019/9/2 15:28:24"
"46749","1","-8509787808008605290","湛江购车网","6336192488725629389","用车","11","1","2019/9/2 15:28:24"
"46750","1","3519335074789701878","车主之家","3557431089405967855","新闻_用车知识","11","1","2019/9/2 15:28:24"
"46751","1","3468548209875692046","联合越野","","","11","1","2019/9/2 15:28:24"
"46752","1","-3005462077022849826","车问网","4194004149843671174","话题大全_深圳购车_深圳购车资讯","11","1","2019/9/2 15:28:24"
"46753","1","-3005462077022849826","车问网","6230826729717791810","话题大全","11","1","2019/9/2 15:28:24"
"46754","1","-3005462077022849826","车问网","-8124845135721744421","话题大全_荣威资讯","11","1","2019/9/2 15:28:24"
"46755","1","-3005462077022849826","车问网","1500763327048040100","话题大全_福州购车_福州购车资讯","11","1","2019/9/2 15:28:24"
"46756","1","-2730290285931202493","新车评网","6145650998623837805","新车评网_用车","11","1","2019/9/2 15:28:24"
"46757","1","-6782464757223742133","中国汽车消费网","-1089158627438621938","投诉","11","1","2019/9/2 15:28:24"
"46758","1","-6782464757223742133","中国汽车消费网","383081428643756170","维权投诉","11","1","2019/9/2 15:28:24"
"46759","1","-8727611853875693027","汽车口碑网","5712592415106612964","汽车资讯_装饰改装","11","1","2019/9/2 15:28:24"
"46760","1","7022510352330998581","网上车市","1183769898503733309","资讯_修车养车","11","1","2019/9/2 15:28:24"
"46761","1","7022510352330998581","网上车市","4687521423343761555","资讯首页_修车养车_改装鉴赏","11","1","2019/9/2 15:28:24"
"46762","1","736392662840094165","时代汽车网","5249862142605026414","汽车文化_模特大赛","11","1","2019/9/2 15:28:24"
"46763","1","736392662840094165","时代汽车网","-7087579452136517599","时代车网_访谈","11","1","2019/9/2 15:28:24"
"46764","1","-6489007195237090155","中国汽车报网","4436540558384508244","舆情点占看","11","1","2019/9/2 15:28:24"
"46765","1","-2209587988407045235","《中国汽车报》网","2096044874524381227","舆情点占看","11","1","2019/9/2 15:28:24"
"68304","4","-4222528107193668298","腾讯汽车","","","11","1","2019/9/4 15:05:34"
"68305","4","6942845200315040931","新华网","8558730243390374908","新华汽车_试驾","11","1","2019/9/4 15:05:34"
"68306","4","6607048707098390302","凤凰网","-7147390491488307574","汽车_试驾","11","1","2019/9/4 15:05:34"
"68307","4","6607048707098390302","凤凰网","-4883647194103949420","试驾","11","1","2019/9/4 15:05:34"
"68308","4","6607048707098390302","凤凰网","-6018940698948252880","汽车_试驾_抢险试驾","11","1","2019/9/4 15:05:34"
"68309","4","6607048707098390302","凤凰网","6819750845811546431","凤凰汽车_试驾_凤凰测","11","1","2019/9/4 15:05:34"
"68310","4","6607048707098390302","凤凰网","-3892480566362406922","凤凰汽车_试驾_销售评价","11","1","2019/9/4 15:05:34"
"68311","4","6607048707098390302","凤凰网","-3140128912371047974","凤凰汽车_试驾_豪门那些事儿","11","1","2019/9/4 15:05:34"
"68312","4","5300850574374719337","中华网","1552420037653191706","汽车_独家评测","11","1","2019/9/4 15:05:34"
"68313","4","5300850574374719337","中华网","6287132285701270036","中华网汽车_试驾","11","1","2019/9/4 15:05:34"
"68314","4","-6429044020594627414","四川新闻网","194956723658342245","汽车_新车试驾","11","1","2019/9/4 15:05:34"
"68315","4","-2840232495139409290","和讯网","-4270891510762717058","汽车_试驾评测","11","1","2019/9/4 15:05:35"
"68316","4","-2840232495139409290","和讯网","-3145402261542660958","和讯汽车_试驾评测","11","1","2019/9/4 15:05:35"
"68317","4","-2840232495139409290","和讯网","4532373753648262798","试驾评测","11","1","2019/9/4 15:05:35"
"68318","4","-6026655846763451985","深圳网;深圳新闻网","-6890798672530084482","新汽车_试驾·测评","11","1","2019/9/4 15:05:35"
"68319","4","404900936896164787","深圳新闻网","-7986023090983966260","汽车_试驾","11","1","2019/9/4 15:05:35"
"68320","4","404900936896164787","深圳新闻网","4597152684484599392","汽车_试驾_测评","11","1","2019/9/4 15:05:35"
"68321","4","404900936896164787","深圳新闻网","4238609565007912059","新汽车_试驾_测评","11","1","2019/9/4 15:05:35"
"68322","4","404900936896164787","深圳新闻网","-1283694983319399829","新汽车_试驾","11","1","2019/9/4 15:05:35"
"68323","4","-8181634869777955721","环球网","-7649002138080756480","汽车_评测","11","1","2019/9/4 15:05:35"
"68324","4","-8181634869777955721","环球网","8858830211043039737","环球汽车_评测","11","1","2019/9/4 15:05:35"
"68325","4","-8181634869777955721","环球网","6702408039014708900","环球网_汽车_评测","11","1","2019/9/4 15:05:35"
"68326","4","-5679125685368392470","大众网","-2950890430830480402","齐鲁车友会_试驾","11","1","2019/9/4 15:05:35"
"68327","4","-5679125685368392470","大众网","6031916929376426625","试乘试驾","11","1","2019/9/4 15:05:35"
"68328","4","-5679125685368392470","大众网","949106430458349072","大众网日照频道_汽车_试驾评测","11","1","2019/9/4 15:05:35"
"68329","4","3670750226234566043","日照大众网","-6653081849083187325","首页_汽车_试驾评测","11","1","2019/9/4 15:05:35"
"68330","4","-5679125685368392470","大众网","-6577733577664900162","汽车_评测","11","1","2019/9/4 15:05:35"
"68331","4","-5679125685368392470","大众网","-7875628209277625228","青岛_汽车评测","11","1","2019/9/4 15:05:35"
"68332","4","3690638012285647488","东北新闻网","-4757047595875773067","汽车_评测","11","1","2019/9/4 15:05:35"
"68333","4","4949534140363202049","中国经济网","-2097014699278049655","汽车_试驾","11","1","2019/9/4 15:05:35"
"68334","4","8182248277739041429","车讯网","-1218385785617225257","车讯评测","11","1","2019/9/4 15:05:35"
"68335","4","8182248277739041429","车讯网","9113862458916846917","原创试驾","11","1","2019/9/4 15:05:35"
"68336","4","7022510352330998581","网上车市","-851933528636020457","常州车市_车市资讯_试驾评测","11","1","2019/9/4 15:05:35"
"68337","4","7022510352330998581","网上车市","-2735735653158500367","拉萨车市_车市资讯_试驾评测","11","1","2019/9/4 15:05:35"
"68338","4","7022510352330998581","网上车市","-6642582973976782424","资讯首页_评测导购_试驾评测","11","1","2019/9/4 15:05:35"
"68339","4","7022510352330998581","网上车市","258083616318844947","漳州车市_车市资讯_试驾评测","11","1","2019/9/4 15:05:35"
"68340","4","7022510352330998581","网上车市","-6916358026890963844","肇庆车市_车市资讯_试驾评测","11","1","2019/9/4 15:05:35"
"68341","4","7022510352330998581","网上车市","-5272099012930134411","江门车市_车市资讯_试驾评测","11","1","2019/9/4 15:05:35"
"68342","4","7022510352330998581","网上车市","8315061885651012050","盘锦车市_车市资讯_试驾评测","11","1","2019/9/4 15:05:35"
"68343","4","7022510352330998581","网上车市","1096182414560899730","巴彦淖尔车市_车市资讯_试驾评测","11","1","2019/9/4 15:05:35"
"68344","4","7022510352330998581","网上车市","-6120393328115894449","益阳车市_车市资讯_试驾评测","11","1","2019/9/4 15:05:35"
"68345","4","7022510352330998581","网上车市","-8679173672727459113","汽车大全_丰田_凯美瑞_评测行情","11","1","2019/9/4 15:05:35"
"68346","4","7022510352330998581","网上车市","-4317496954979612283","汽车大全_奇瑞_瑞虎5_评测行情","11","1","2019/9/4 15:05:35"
"68347","4","7022510352330998581","网上车市","1512660725516427567","汽车大全_丰田_YARiSL致炫_评测行情","11","1","2019/9/4 15:05:35"
"68348","4","7022510352330998581","网上车市","5286629665899672451","汽车大全_丰田_E’Z逸致_评测行情","11","1","2019/9/4 15:05:35"
"68349","4","7022510352330998581","网上车市","-2274370539767984968","汽车大全_丰田_雷凌_评测行情","11","1","2019/9/4 15:05:35"
"68350","4","7022510352330998581","网上车市","-4229969072151916690","运城车市_车市资讯_试驾评测","11","1","2019/9/4 15:05:35"
"68351","4","7022510352330998581","网上车市","-4441248868574122429","无锡车市_车市资讯_试驾评测","11","1","2019/9/4 15:05:35"
"68352","4","7022510352330998581","网上车市","-9073739076314210066","徐州车市_车市资讯_试驾评测","11","1","2019/9/4 15:05:35"
"68353","4","7022510352330998581","网上车市","3582805358195730920","兴安盟车市_车市资讯_试驾评测","11","1","2019/9/4 15:05:35"
"68354","4","7022510352330998581","网上车市","491602810285991261","临汾车市_车市资讯_试驾评测","11","1","2019/9/4 15:05:35"
"68355","4","7022510352330998581","网上车市","8132734680614591340","营口车市_车市资讯_试驾评测","11","1","2019/9/4 15:05:35"
"68356","4","7022510352330998581","网上车市","-8766280820631409870","乐山车市_车市资讯_试驾评测","11","1","2019/9/4 15:05:35"
"68357","4","7022510352330998581","网上车市","6842998299628084386","成都车市_车市资讯_试驾评测","11","1","2019/9/4 15:05:35"
"68358","4","7022510352330998581","网上车市","900957881239868329","佛山车市_车市资讯_试驾评测","11","1","2019/9/4 15:05:35"
"68359","4","-2730290285931202493","新车评网","8476246427913315957","车评","11","1","2019/9/4 15:05:35"
"68360","4","-2730290285931202493","新车评网","-1276492695849847125","车评_深度车评","11","1","2019/9/4 15:05:35"
"68361","4","-2730290285931202493","新车评网","7413214486908667408","车评_新车首试","11","1","2019/9/4 15:05:35"
"68362","4","-2730290285931202493","新车评网","1202330477873970845","车评_对比测试","11","1","2019/9/4 15:05:35"
"68363","4","-2730290285931202493","新车评网","5907040312939662933","车评_油耗测试","11","1","2019/9/4 15:05:35"
"68364","4","-2730290285931202493","新车评网","-6785099182981682821","车评_试驾手记","11","1","2019/9/4 15:05:35"
"68365","4","-2730290285931202493","新车评网","-6281090044745897225","选车中心_车评_编辑室","11","1","2019/9/4 15:05:35"
"68366","4","-2730290285931202493","新车评网","-7843870107792399570","选车中心_车评","11","1","2019/9/4 15:05:35"
"68367","4","-2730290285931202493","新车评网","-7137685221993940527","选车中心_车评_试驾手记","11","1","2019/9/4 15:05:35"
"68368","4","-2730290285931202493","新车评网","6323743829146861375","选车中心_车评_新车首试","11","1","2019/9/4 15:05:35"
"68369","4","-2730290285931202493","新车评网","4433444990066647115","选车中心_车评_深度车评","11","1","2019/9/4 15:05:35"
"68370","4","-2730290285931202493","新车评网","723378577892043504","选车中心_车评_长期测试","11","1","2019/9/4 15:05:35"
"68371","4","-2730290285931202493","新车评网","-3734398052555234578","选车中心_车评_对比测试","11","1","2019/9/4 15:05:35"
"68372","4","-2730290285931202493","新车评网","1884513823096359847","新车评网_选车_视频","11","1","2019/9/4 15:05:35"
"68373","4","-2730290285931202493","新车评网","1969880359356458445","新车评网","11","1","2019/9/4 15:05:35"
"68374","4","-2730290285931202493","新车评网","6145650998623837805","新车评网_用车","11","1","2019/9/4 15:05:35"
"68375","4","2136574236516552510","汽车探索","-7460152459652632280","汽车探索_车评","11","1","2019/9/4 15:05:35"
"68376","4","3468548209875692046","联合越野","-4356305235550716743","专业评测","11","1","2019/9/4 15:05:35"
"68377","4","3519335074789701878","车主之家","-2503588305048011014","新闻_汽车导购_试驾评测","11","1","2019/9/4 15:05:35"
"68378","4","3519335074789701878","车主之家","-5055824435305390685","车主之家汽车_评测_试驾评测","11","1","2019/9/4 15:05:35"
"68379","4","3519335074789701878","车主之家","5400201958123872756","车主之家汽车_评测_购车手册","11","1","2019/9/4 15:05:35"
"68380","4","3519335074789701878","车主之家","-155869126049451966","新闻_试驾评测","11","1","2019/9/4 15:05:35"
"68381","4","-7037748867090435004","佛山购车网","-1208686306398317220","北京_对比评测","11","1","2019/9/4 15:05:35"
"68382","4","-7037748867090435004","佛山购车网","-5391186988495990074","揭阳_对比评测","11","1","2019/9/4 15:05:35"
"68383","4","1031540566456526336","车云网","3950076495611372925","评测","11","1","2019/9/4 15:05:35"
"68384","4","1031540566456526336","车云网","2921718741335501030","技术_评测","11","1","2019/9/4 15:05:35"
"68385","4","-1759556419276406819","车天下汽车网","-70635863392901561","汽车论坛_汽车评测","11","1","2019/9/4 15:05:35"
"68386","4","8718372560441775312","汽车大全网","","","11","1","2019/9/4 15:05:35"
"68387","4","-3350397711515466281","汽车江湖网","3234710811429497601","测评试驾_SUV","11","1","2019/9/4 15:05:35"
"68388","4","-3350397711515466281","汽车江湖网","-470640379875994244","测评试驾_中大型车","11","1","2019/9/4 15:05:35"
"68389","4","-2490044517700954822","车质网","-3169884629526811165","资讯_评测","11","1","2019/9/4 15:05:35"
"68390","4","-2490044517700954822","车质网","4239296416065619377","车质网_评测","11","1","2019/9/4 15:05:35"
"68391","4","-2490044517700954822","车质网","3864090054069352121","评测","11","1","2019/9/4 15:05:35"
"68392","4","-8288629426291243335","汽车大世界","5068733789734580008","新车评测","11","1","2019/9/4 15:05:35"
"68393","4","-8288629426291243335","汽车大世界","188547656820707686","试驾评测","11","1","2019/9/4 15:05:35"
"68394","4","1120018217835149745","汽车之家","-4589708977862691343","资讯文章_试驾评测","11","1","2019/9/4 15:05:35"
"68395","4","1120018217835149745","汽车之家","2418555712147482963","试驾","11","1","2019/9/4 15:05:35"
"68396","4","6942845200315040931","新华网","7188900018361851907","汽车_试驾","11","1","2019/9/4 15:05:35"
"68397","4","6942845200315040931","新华网","7441299638985065541","试驾","11","1","2019/9/4 15:05:35"
"68398","4","6607048707098390302","凤凰网","534576455957319330","抢先试驾","11","1","2019/9/4 15:05:35"
"68399","4","6607048707098390302","凤凰网","-6115862263138124860","凤凰汽车_试驾","11","1","2019/9/4 15:05:35"
"68400","4","6607048707098390302","凤凰网","-8571390323677399435","凤凰汽车_试驾_汽车达人秀","11","1","2019/9/4 15:05:35"
"68401","4","6607048707098390302","凤凰网","2954200303634061250","凤凰汽车_试驾_抢先试驾","11","1","2019/9/4 15:05:35"
"68402","4","6607048707098390302","凤凰网","6924264220873364469","凤凰汽车_试驾_专家不知道","11","1","2019/9/4 15:05:35"
"68403","4","-5228228306025430917","易车网","767807462560872775","文章_试驾评测","11","1","2019/9/4 15:05:35"
"68404","4","-5228228306025430917","易车网","-3289836567802503425","评测","11","1","2019/9/4 15:05:35"
"68405","4","-5228228306025430917","易车网","-6149532991136807169","试驾评测","11","1","2019/9/4 15:05:35"
"68406","4","6602197230240469899","新疆汽车网","-7024946664045503966","试驾评测","11","1","2019/9/4 15:05:35"
"68407","4","-5672661370788769583","商都网","6092768006512191839","车时代_评测","11","1","2019/9/4 15:05:35"
"68408","4","1120018217835149745","汽车之家","3649626536425761810","汽车之家论坛_年代款测试论坛","11","1","2019/9/4 15:05:35"
"68409","4","-3375504357676496748","腾讯网","3446043380889299500","汽车-试驾","11","1","2019/9/4 15:05:35"
"68410","4","-3375504357676496748","腾讯网","-4346899698448930180","汽车频道_试驾评测业界","11","1","2019/9/4 15:05:35"
"68411","4","-3375504357676496748","腾讯网","3557795643535358822","汽车_购车_试驾评测","11","1","2019/9/4 15:05:35"
"68412","4","-3375504357676496748","腾讯网","-673105551741621876","大成网_试驾评测","11","1","2019/9/4 15:05:35"
"68413","4","-3375504357676496748","腾讯网","-582102786116221046","大湘试驾测评","11","1","2019/9/4 15:05:35"
"68414","4","-3375504357676496748","腾讯网","-8922881394127896421","汽车_评测_新车试驾","11","1","2019/9/4 15:05:35"
"68415","4","-3375504357676496748","腾讯网","5313870422908243998","汽车频道_评测_新车试驾","11","1","2019/9/4 15:05:35"
"68416","4","3403725980805994842","腾讯","-7850882301954832163","腾讯汽车_大连_试驾评测","11","1","2019/9/4 15:05:35"
"68417","4","5300850574374719337","中华网","-1479193547412102802","汽车频道_资讯文章_评测","11","1","2019/9/4 15:05:35"
"68418","4","7022510352330998581","网上车市","-9212363992023991368","资讯_评测导购_试驾评测","11","1","2019/9/4 15:05:35"
"68419","6","-8709606516749856786","全球汽配网","1668813329162817199","全球汽配网-资讯","11","1","2019/9/4 15:22:54"
"68420","6","1120018217835149745","汽车之家","3072387639396030157","资讯文章","11","1","2019/9/4 15:22:54"
"68421","6","-6679717168409280452","太平洋汽车网","-1219812802233370563","汽车售后_轮胎频道_新品快讯","11","1","2019/9/4 15:22:54"
"68422","6","-6679717168409280452","太平洋汽车网","8329145365670317561","汽车售后_轮胎频道_轮胎导购","11","1","2019/9/4 15:22:54"
"68423","6","-6679717168409280452","太平洋汽车网","4444137430536197224","用车_轮胎_新品快讯","11","1","2019/9/4 15:22:54"
"68424","6","-6679717168409280452","太平洋汽车网","2708895796799158355","用车_轮胎_轮胎导购","11","1","2019/9/4 15:22:54"
"68425","6","-6679717168409280452","太平洋汽车网","-8545329791652163466","用车_轮胎_轮胎评测","11","1","2019/9/4 15:22:54"
"68426","6","-6679717168409280452","太平洋汽车网","5349341198559613635","用车_轮胎_使用技巧","11","1","2019/9/4 15:22:54"
"68427","6","-6679717168409280452","太平洋汽车网","6280091538932452650","用车_轮胎","11","1","2019/9/4 15:22:54"
"68428","6","-6679717168409280452","太平洋汽车网","1509894177447833764","用车_轮胎_换台建议","11","1","2019/9/4 15:22:54"
"68429","6","-6679717168409280452","太平洋汽车网","-5365875871104234418","汽车售后_轮胎频道","11","1","2019/9/4 15:22:54"
"68430","6","-6679717168409280452","太平洋汽车网","-4947677921162583833","汽车售后_轮胎频道_轮胎评测","11","1","2019/9/4 15:22:54"
"68431","6","7908015142814796532","慧聪网","6695433436674219815","慧聪网-汽车用品","11","1","2019/9/4 15:22:54"
"68432","6","-4600004843132378071","盖世汽车","-3202324732123649913","盖世汽车_新闻_零部件","11","1","2019/9/4 15:22:54"
"68433","6","333858568614217971","盖世汽车网","-198467418431314474","零部件数据","11","1","2019/9/4 15:22:54"
"68434","6","-4600004843132378071","盖世汽车","-2342897823395644006","零部件新闻","11","1","2019/9/4 15:22:54"
"68435","6","333858568614217971","盖世汽车网","-959599169995007270","零部件系列专题","11","1","2019/9/4 15:22:54"
"68436","6","333858568614217971","盖世汽车网","-989081159262852240","零部件新闻","11","1","2019/9/4 15:22:54"
"158658","8","6942845200315040931","新华网","-270534769738325351","汽车_新车","11","1","2019/9/5 17:42:39"
"158659","8","6942845200315040931","新华网","-4828616024623369016","新华汽车_新车","11","1","2019/9/5 17:42:39"
"158660","8","6942845200315040931","新华网","-4028481230609878109","新车","11","1","2019/9/5 17:42:39"
"158661","8","-9129605718231186428","新浪新闻移动端","6075258538654280057","汽车","31","1","2019/9/5 17:42:39"
"158662","8","-3076161842711491267","腾讯新闻移动端","-5879400278980935885","汽车","31","1","2019/9/5 17:42:39"
"160209","7","1120018217835149745","汽车之家","3072387639396030157","资讯文章","11","1","2019/9/6 14:15:21"
"160210","7","860957890603101798","汽车产经网","-8672401735054891589","锂钛出行_智能汽车","11","1","2019/9/6 14:15:21"
"160211","7","333858568614217971","盖世汽车网","-4605319660802524863","智能网联","11","1","2019/9/6 14:15:21"
"160212","7","-4600004843132378071","盖世汽车","-4269378266806594091","盖世汽车_智能网联","11","1","2019/9/6 14:15:21"
"160213","7","-4600004843132378071","盖世汽车","-7633711208986743585","智能网联","11","1","2019/9/6 14:15:21"
"160214","7","5633141236499180732","太阳能电动汽车网","3423608457516065086","太阳能电动汽车网_智能汽车","11","1","2019/9/6 14:15:21"
"160215","7","-6679717168409280452","太平洋汽车网","5158103162254952862","精选_科技_智能周边","11","1","2019/9/6 14:15:21"
"160216","7","3798082317952413178","河源汽车网","6374421190069695218","汽车IT技术","11","1","2019/9/6 14:15:21"
"160217","7","5333653816906314594","桂林汽车网","-4960069667762719458","汽车IT技术","11","1","2019/9/6 14:15:21"
"160218","7","2624384766997485074","文昌汽车网","-8129693241799091137","汽车IT技术","11","1","2019/9/6 14:15:21"
"160219","7","3834822280887270639","怀远汽车网","8274280281520870365","汽车IT技术","11","1","2019/9/6 14:15:21"
"160220","7","4271841010634363595","蓉城汽车网","4452249487549273566","汽车_汽车IT技术","11","1","2019/9/6 14:15:21"
"160221","7","3206087468024876181","界首汽车网","-3686801449040823818","汽车IT技术","11","1","2019/9/6 14:15:21"
"160222","7","2763995853482261788","淮南汽车网","8642190030930543477","汽车IT技术","11","1","2019/9/6 14:15:21"
"160223","7","-1738716041487821991","酒泉汽车网","-879260206426647462","汽车IT技术","11","1","2019/9/6 14:15:21"
"160224","7","6906714876480104016","中国汽车技术信息网","-9108838929450237228","技术新闻","11","1","2019/9/6 14:15:21"
"160225","7","6570692755709380198","亿欧网","-9188617392877179154","人工智能","11","1","2019/9/6 14:15:21"
"160226","7","-3605530650387412748","新华汽车","-3727836548031151729","车智慧","11","1","2019/9/6 14:15:21"
"160598","3","5686533346025925698","中国汽车工业协会","1725215089550905080","首页-标准法规-标准动态","11","1","2019/9/26 14:53:54"
"160599","3","8182248277739041429","车讯网","8966350928791030509","地方分站新闻_柳州","11","1","2019/9/26 14:53:54"
"160600","3","7022510352330998581","网上车市","-6030775618799336236","秦皇岛车市_车市资讯_秦皇岛车市访谈","11","1","2019/9/26 14:53:54"
"160601","3","-8181634869777955721","环球网","-7799266229003074860","汽车_行业评论","11","1","2019/9/26 14:53:54"
"160602","3","4949534140363202049","中国经济网","1769196406805654501","汽车_行业资讯","11","1","2019/9/26 14:53:54"
"160603","3","4949534140363202049","中国经济网","-425074015881940379","汽车频道_行业资讯","11","1","2019/9/26 14:53:54"
"160604","3","7022510352330998581","网上车市","-5449726816714441900","黄石车市_车市资讯_黄石车市访谈","11","1","2019/9/26 14:53:54"
"160605","3","-9073791759129541807","购车网","910125858364363495","梅州_汽车用品资讯","11","1","2019/9/26 14:53:54"
"160606","3","3929339575576794666","中国汽车工业协会网站","-2722678405198471408","首页_标准法规_标准动态","11","1","2019/9/26 14:53:54"
"160607","3","3519335074789701878","车主之家","-3779128784804962026","新闻_车商快讯_北京车商活动","11","1","2019/9/26 14:53:54"
"160608","3","-9073791759129541807","购车网","8737792967397801881","茂名_汽车用品资讯","11","1","2019/9/26 14:53:54"
"160609","3","-9073791759129541807","购车网","-8024526702371324030","北京_汽车用品资讯","11","1","2019/9/26 14:53:54"
"160610","3","3519335074789701878","车主之家","-4905724141061193687","新闻_车商快讯_云浮车商动态","11","1","2019/9/26 14:53:54"
"160611","3","-5630811782461864272","车神榜","-3848575341153368365","资讯","11","1","2019/9/26 14:53:54"
"160612","3","6607048707098390302","凤凰网","4478254016783342549","凤凰汽车_行业_业内新闻","11","1","2019/9/26 14:53:54"
"160613","3","7184487345369910497","第一车市","-3216001918696350510","第一车市_新闻","11","1","2019/9/26 14:53:54"
"160614","3","3929339575576794666","中国汽车工业协会网站","8934989337246822396","首页_政策专区_政策动态","11","1","2019/9/26 14:53:54"
"160615","3","7022510352330998581","网上车市","-5410573009837030259","广州车市_车市资讯_新车实拍","11","1","2019/9/26 14:53:54"
"160616","3","-9073791759129541807","购车网","-3135530138957851554","濮阳_汽车用品资讯","11","1","2019/9/26 14:53:54"
"160617","3","3519335074789701878","车主之家","-5605126643096012130","新闻_车商快讯_云浮车商活动","11","1","2019/9/26 14:53:54"
"160618","3","7022510352330998581","网上车市","4731983586140232036","资讯_SUV_SUV试驾","11","1","2019/9/26 14:53:54"
"160619","3","-9073791759129541807","购车网","-2179783200706173213","深圳_汽车用品资讯","11","1","2019/9/26 14:53:54"
"160620","3","1031540566456526336","车云网","-4523765720691385894","资讯","11","1","2019/9/26 14:53:54"
"160621","3","-9073791759129541807","购车网","4010715117878636221","长春_汽车用品资讯","11","1","2019/9/26 14:53:54"
"160622","3","-2840232495139409290","和讯网","9072052192862481321","汽车_汽车原创","11","1","2019/9/26 14:53:54"
"160623","3","7022510352330998581","网上车市","6497519091356233067","沈阳车市_车市资讯?降价行情","11","1","2019/9/26 14:53:54"
"160624","3","7022510352330998581","网上车市","1893010218394088732","汽车首页_遵义车市_车市资讯_即时资讯","11","1","2019/9/26 14:53:54"
"160625","3","7022510352330998581","网上车市","-8564157527319640418","宁波车市_车市资讯_宁波车市访谈","11","1","2019/9/26 14:53:54"
"160626","3","3519335074789701878","车主之家","4693166627808752724","新闻_车商快讯_韶关新车到店","11","1","2019/9/26 14:53:54"
"160627","3","7022510352330998581","网上车市","5806678151934520610","贵阳车市_车市资讯?降价行情","11","1","2019/9/26 14:53:54"
"160628","3","-3622610995529170833","买车网","-4028108181363443750","买车网_行情_地区资讯","11","1","2019/9/26 14:53:54"
"160629","3","7022510352330998581","网上车市","5071948599665650505","金华车市_车市资讯","11","1","2019/9/26 14:53:54"
"160630","3","-9073791759129541807","购车网","-491078856123651044","肇兴_汽车用品资讯","11","1","2019/9/26 14:53:54"
"160631","3","7022510352330998581","网上车市","-160687829209675683","苏州车市_车市资讯?苏州热门活动","11","1","2019/9/26 14:53:54"
"160632","3","3519335074789701878","车主之家","-1467164343560968029","新闻_车商快讯_南京新车到店","11","1","2019/9/26 14:53:54"
"160633","3","-9073791759129541807","购车网","6136821798060140771","揭阳_汽车用品资讯","11","1","2019/9/26 14:53:54"
"160634","3","3519335074789701878","车主之家","4991543000488409993","新闻_车商快讯_韶关车商动态","11","1","2019/9/26 14:53:54"
"160635","3","7022510352330998581","网上车市","-4866324588592086933","承德车市_车市资讯_新车实拍","11","1","2019/9/26 14:53:54"
"160636","3","-9073791759129541807","购车网","-6383626388591282666","长沙_汽车用品资讯","11","1","2019/9/26 14:53:54"
"160637","3","3519335074789701878","车主之家","-8166494480993022741","新闻_车商快讯_天津车商活动","11","1","2019/9/26 14:53:54"
"160638","3","-8709606516749856786","全球汽配网","-2860151358633149164","资讯_整车资讯","11","1","2019/9/26 14:53:54"
"160639","3","6749810884233114274","亚讯车网","-3686426105243911857","新闻列表","11","1","2019/9/26 14:53:54"
"160640","3","7022510352330998581","网上车市","1548368496350184605","江门车市_车市资讯_商家促销","11","1","2019/9/26 14:53:54"
"160641","3","4949534140363202049","中国经济网","-2521160904793072369","商用车_资讯_行业动态","11","1","2019/9/26 14:53:54"
"160642","3","7022510352330998581","网上车市","-2735735653158500367","拉萨车市_车市资讯_试驾评测","11","1","2019/9/26 14:53:54"
"160643","3","7022510352330998581","网上车市","-4290132906817484169","天津车市_车市资讯_降价行情","11","1","2019/9/26 14:53:54"
"160644","3","-8181634869777955721","环球网","5412115927564555203","环球网_汽车_行情","11","1","2019/9/26 14:53:54"
"160645","3","-6211601587438604167","搜狐汽车","","","11","1","2019/9/26 14:53:54"
"160646","3","-1248708985569608091","中国新闻网","-1748155556738056063","车生活","11","1","2019/9/26 14:53:54"
"160647","3","1031540566456526336","车云网","-6468238410541366627","资讯_最新发布","11","1","2019/9/26 14:53:54"
"160648","3","-9073791759129541807","购车网","-5456791910335856830","汕头_汽车用品资讯","11","1","2019/9/26 14:53:54"
"160649","3","7022510352330998581","网上车市","535918092483661838","资讯_SUV_全部","11","1","2019/9/26 14:53:54"
"160650","3","8182248277739041429","车讯网","-1116678822958489147","地方分站新闻_柳州_分站新闻_柳州_地方新闻","11","1","2019/9/26 14:53:54"
"160651","3","-9073791759129541807","购车网","1861424501093288307","临沂_汽车用品资讯","11","1","2019/9/26 14:53:54"
"160652","3","7022510352330998581","网上车市","-7793613979129616023","资讯首页_汽车时尚_游记","11","1","2019/9/26 14:53:54"
"160653","3","3519335074789701878","车主之家","-6398297659263064324","新闻_车商快讯_南通车商活动","11","1","2019/9/26 14:53:54"
"160654","3","5686533346025925698","中国汽车工业协会","8262877475037622268","首页_政策专区_政策动态","11","1","2019/9/26 14:53:54"
"160655","3","-1765749376521402890","车天下汽车","","","11","1","2019/9/26 14:53:54"
"160656","3","7022510352330998581","网上车市","-6855228449595703013","东莞车市_东莞车市资讯","11","1","2019/9/26 14:53:54"
"160657","3","7022510352330998581","网上车市","5998548054537589165","资讯首页_行情资讯_北京行情","11","1","2019/9/26 14:53:54"
"160658","3","6607048707098390302","凤凰网","-6431238623778167920","凤凰汽车_行业_访谈","11","1","2019/9/26 14:53:54"
"160659","3","-9073791759129541807","购车网","3301687134190477689","惠州_汽车用品资讯","11","1","2019/9/26 14:53:54"
"160660","3","-4547192292451462646","淘车网","","","11","1","2019/9/26 14:53:54"
"160661","3","3519335074789701878","车主之家","-4107151988860348003","新闻_车商快讯_杭州新车到店","11","1","2019/9/26 14:53:54"
"160662","3","-2840232495139409290","和讯网","963623435384664006","汽车首页_汽车产业资讯","11","1","2019/9/26 14:53:54"
"160663","3","-9073791759129541807","购车网","5828597959592792130","武汉_汽车用品资讯","11","1","2019/9/26 14:53:54"
"160664","3","8182248277739041429","车讯网","4653466086697667239","咸阳地方新闻","11","1","2019/9/26 14:53:54"
"160665","3","7022510352330998581","网上车市","-851933528636020457","常州车市_车市资讯_试驾评测","11","1","2019/9/26 14:53:54"
"160666","3","7022510352330998581","网上车市","7256589335232577818","吉安车市_车市资讯_降价行情","11","1","2019/9/26 14:53:54"
"160667","3","-3622610995529170833","买车网","-6028460884399926537","中国买车网_名车资讯","11","1","2019/9/26 14:53:54"
"160668","3","-9073791759129541807","购车网","-7885312360339948773","河源_汽车用品资讯","11","1","2019/9/26 14:53:54"
"160669","3","5686533346025925698","中国汽车工业协会","6635841469866827398","政策专区_政策动态","11","1","2019/9/26 14:53:54"
"160670","3","5686533346025925698","中国汽车工业协会","5820424192032359771","首页_标准法规_标准动态","11","1","2019/9/26 14:53:54"
"160671","3","7022510352330998581","网上车市","1795515300404528073","镇江车市_车市资讯","11","1","2019/9/26 14:53:54"
"160672","3","-1759556419276406819","车天下汽车网","","","11","1","2019/9/26 14:53:54"
"160673","3","7022510352330998581","网上车市","-8361127568397455276","资讯_评测导购","11","1","2019/9/26 14:53:54"
"160674","3","7022510352330998581","网上车市","-4689601085554366269","西安车市_车市资讯?降价行情","11","1","2019/9/26 14:53:54"
"160675","3","-1691546094441088862","人民网","32309270088132435","汽车_国内市场","11","1","2019/9/26 14:53:54"
"160676","3","7022510352330998581","网上车市","7932003389671204641","资讯_评测导购_导购信息","11","1","2019/9/26 14:53:54"
"160677","3","-4560584852676340248","浙江在线","-2877896023797234241","汽车频道_浙江车闻_浙江车市","11","1","2019/9/26 14:53:54"
"160678","3","-1248708985569608091","中国新闻网","-2456334134946238157","汽车_车人物","11","1","2019/9/26 14:53:54"
"160679","3","3519335074789701878","车主之家","-8574145334618352524","新闻_车商快讯_杭州车商活动","11","1","2019/9/26 14:53:54"
"160680","3","2136574236516552510","汽车探索","-6187495004537831761","资讯","11","1","2019/9/26 14:53:54"
"160681","3","8916582830699941115","中国汽车工业协会网","2300264615250468409","新闻中心_行业新闻","11","1","2019/9/26 14:53:54"
"160682","3","-8709606516749856786","全球汽配网","1668813329162817199","全球汽配网-资讯","11","1","2019/9/26 14:53:54"
"160683","3","3519335074789701878","车主之家","8800944141970886512","新闻_车商快讯_湘潭车商动态","11","1","2019/9/26 14:53:54"
"160684","3","8182248277739041429","车讯网","3442986500587287992","文章","11","1","2019/9/26 14:53:54"
"160685","3","-3196347480118935639","河北新闻网","7643895913993222215","汽车_厂商资讯","11","1","2019/9/26 14:53:54"
"160686","3","-3196347480118935639","河北新闻网","-4886238319076131944","汽车_新闻_今日聚焦","11","1","2019/9/26 14:53:54"
"160687","3","6602197230240469899","新疆汽车网","-1306601607809655323","行业新闻","11","1","2019/9/26 14:53:54"
"160688","3","7022510352330998581","网上车市","-4317500892686152037","保定车市_车市资讯_保定商讯","11","1","2019/9/26 14:53:54"
"160689","3","3519335074789701878","车主之家","9152952115925509485","新闻_车商快讯_衡阳新车到店","11","1","2019/9/26 14:53:54"
"160690","3","-9073791759129541807","购车网","2858410781617215495","青岛_汽车用品资讯","11","1","2019/9/26 14:53:54"
"160691","3","4949534140363202049","中国经济网","-9092777992563671639","汽车_资讯","11","1","2019/9/26 14:53:55"
"160692","3","-9073791759129541807","购车网","-7287578079997255570","广州_汽车用品资讯","11","1","2019/9/26 14:53:55"
"160693","3","7022510352330998581","网上车市","-9212363992023991368","资讯_评测导购_试驾评测","11","1","2019/9/26 14:53:55"
"160694","3","7022510352330998581","网上车市","-5462057135167866849","吕梁车市_车市资讯","11","1","2019/9/26 14:53:55"
"160695","3","3519335074789701878","车主之家","-5039436185554708706","新闻_汽车新闻","11","1","2019/9/26 14:53:55"
"160696","3","7022510352330998581","网上车市","258083616318844947","漳州车市_车市资讯_试驾评测","11","1","2019/9/26 14:53:55"
"160697","3","6607048707098390302","凤凰网","5813294356611415090","汽车_行业_产业评论","11","1","2019/9/26 14:53:55"
"160698","3","7022510352330998581","网上车市","-169283419020835035","资讯_SUV_SUV对比","11","1","2019/9/26 14:53:55"
"160699","3","-6429044020594627414","四川新闻网","3715478627525065682","汽车_新闻_企业新闻","11","1","2019/9/26 14:53:55"
"160700","3","-9073791759129541807","购车网","-2059439088075576718","合肥_汽车用品资讯","11","1","2019/9/26 14:53:55"
"160701","3","3519335074789701878","车主之家","-8807153458335443830","新闻_车商快讯_无锡车商动态","11","1","2019/9/26 14:53:55"
"160702","3","-8181634869777955721","环球网","-5995388357713367571","环球汽车_行业评论","11","1","2019/9/26 14:53:55"
"160703","3","7022510352330998581","网上车市","4853394088587531000","资讯首页","11","1","2019/9/26 14:53:55"
"160704","3","3519335074789701878","车主之家","-8188717575677686715","新闻_车商快讯_成都车商活动","11","1","2019/9/26 14:53:55"
"160705","3","7022510352330998581","网上车市","-2078801534448173954","资讯首页_行业研究_行业资讯","11","1","2019/9/26 14:53:55"
"160706","3","7022510352330998581","网上车市","-50292906897383217","泉州车市_车市资讯_新车实拍","11","1","2019/9/26 14:53:55"
"160707","3","-5630811782461864272","车神榜","6554638060559490346","资讯_业界新闻_业界动态","11","1","2019/9/26 14:53:55"
"160708","3","3519335074789701878","车主之家","6238057315972026410","新闻_车商快讯_成都新车到店","11","1","2019/9/26 14:53:55"
"160709","3","3519335074789701878","车主之家","6038291740477766133","新闻_车商快讯_宁波车商动态","11","1","2019/9/26 14:53:55"
"160710","3","8182248277739041429","车讯网","-4333629886576733514","地方分站新闻_柳州_分站新闻","11","1","2019/9/26 14:53:55"
"160711","3","3519335074789701878","车主之家","8249006384874243919","新闻_车商快讯_深圳新车到店","11","1","2019/9/26 14:53:55"
"160712","3","3519335074789701878","车主之家","-6840828966062243682","新闻_车商快讯_重庆新车到店","11","1","2019/9/26 14:53:55"
"160713","3","2899433357688489476","17汽车网","-3666052146359950345","汽车资讯","11","1","2019/9/26 14:53:55"
"160714","3","7022510352330998581","网上车市","4997379327849760991","漳州车市_车市资讯_漳州商讯","11","1","2019/9/26 14:53:55"
"160715","3","8182248277739041429","车讯网","4976654527156587615","全部新闻","11","1","2019/9/26 14:53:55"
"160716","3","-8288629426291243335","汽车大世界","-5271719331025365038","汽车新闻","11","1","2019/9/26 14:53:55"
"160717","3","8916582830699941115","中国汽车工业协会网","-4287347570749031704","新闻中心_相关行业","11","1","2019/9/26 14:53:55"
"160718","3","7022510352330998581","网上车市","3211015514875187452","邯郸车市_车市资讯","11","1","2019/9/26 14:53:55"
"160719","3","-6008890046316704058","我要汽车网","4948027756105449204","车市资讯","11","1","2019/9/26 14:53:55"
"160720","3","7022510352330998581","网上车市","482359775970480312","资讯首页_新车报道","11","1","2019/9/26 14:53:55"
"160721","3","8182248277739041429","车讯网","3897870468502237081","车讯汽车_文章","11","1","2019/9/26 14:53:55"
"160722","3","-4560584852676340248","浙江在线","-4975847884077196575","汽车频道_浙江车闻_原创报道","11","1","2019/9/26 14:53:55"
"160723","3","7022510352330998581","网上车市","2760190551742293898","保定车市_车市资讯","11","1","2019/9/26 14:53:55"
"160724","3","-9073791759129541807","购车网","-1112523940914797654","佛山_汽车用品资讯","11","1","2019/9/26 14:53:55"
"160725","3","8182248277739041429","车讯网","1452982117261594698","其它新闻","11","1","2019/9/26 14:53:55"
"160726","3","-6008890046316704058","我要汽车网","-2702530704650496858","资讯_车市新闻","11","1","2019/9/26 14:53:55"
"160727","3","-4560584852676340248","浙江在线","3234784575626615337","汽车_浙江车闻","11","1","2019/9/26 14:53:55"
"160728","3","-7755919466557334740","中国新闻网_吉林","3337939372998416332","汽车产业","11","1","2019/9/26 14:53:55"
"160729","3","7644041407714175422","卡车之家","","","11","1","2019/9/26 14:53:55"
"160730","3","-5630811782461864272","车神榜","8676169048009881721","资讯_业界新闻_企业新闻","11","1","2019/9/26 14:53:55"
"160731","3","6607048707098390302","凤凰网","-5526296085813299249","汽车_行业_业内新闻","11","1","2019/9/26 14:53:55"
"160732","3","-9073791759129541807","购车网","7244254184609095441","珠海_汽车用品资讯","11","1","2019/9/26 14:53:55"
"160733","3","3519335074789701878","车主之家","-2503588305048011014","新闻_汽车导购_试驾评测","11","1","2019/9/26 14:53:55"
"160734","3","-9073791759129541807","购车网","-6544844751901449638","清远_汽车用品资讯","11","1","2019/9/26 14:53:55"
"160735","3","3519335074789701878","车主之家","8969384608201449227","新闻_车商快讯_河源车商活动","11","1","2019/9/26 14:53:55"
"160736","3","3519335074789701878","车主之家","3374487813909168231","新闻_车商快讯_上海新车到店","11","1","2019/9/26 14:53:55"
"160737","3","3519335074789701878","车主之家","2007914533761335065","新闻_车商快讯_郑州车商动态","11","1","2019/9/26 14:53:55"
"160738","3","-6008890046316704058","我要汽车网","-8942728420644426086","资讯","11","1","2019/9/26 14:53:55"
"160739","3","-1248708985569608091","中国新闻网","-2943162013143913954","中新汽车频道_车人物","11","1","2019/9/26 14:53:55"
"160740","3","3519335074789701878","车主之家","-4738003619357309743","新闻_国内新车","11","1","2019/9/26 14:53:55"
"160741","3","7022510352330998581","网上车市","-5760628359930448216","张家口车市_车市资讯_张家口商讯","11","1","2019/9/26 14:53:55"
"160742","3","-4489473672266778119","新浪","-3024671196826844622","新浪汽车_新闻","11","1","2019/9/26 14:53:55"
"160743","3","5686533346025925698","中国汽车工业协会","7440274258103975324","新闻中心_行业新闻","11","1","2019/9/26 14:53:55"
"160744","3","-5207558326205855169","汽车之友网","7896397947611091215","资讯_车企动态","11","1","2019/9/26 14:53:55"
"160745","3","7643490730538832480","58车网","-4930849391605312135","资讯_厂商新闻","11","1","2019/9/26 14:53:55"
"160746","3","7022510352330998581","网上车市","-4909849172861013796","鞍山车市_车市资讯","11","1","2019/9/26 14:53:55"
"160747","3","8279404081563991145","慧聪汽车用品网","9096529571960546070","行业资讯","11","1","2019/9/26 14:53:55"
"160748","3","-4560584852676340248","浙江在线","4516708776389266308","首页_浙江新闻_原创新闻_全媒体播报","11","1","2019/9/26 14:53:55"
"160749","3","3519335074789701878","车主之家","-2522061228584410577","新闻_车商快讯_玉溪车商活动","11","1","2019/9/26 14:53:55"
"160750","3","4926729370721712535","慧聪汽车网","","","11","1","2019/9/26 14:53:55"
"160751","3","-9073791759129541807","购车网","1447352532247751141","江门_汽车用品资讯","11","1","2019/9/26 14:53:55"
"160752","3","7022510352330998581","网上车市","-1917910945984191407","资讯首页_评测导购_全部","11","1","2019/9/26 14:53:55"
"160753","3","8279404081563991145","慧聪汽车用品网","","","11","1","2019/9/26 14:53:55"
"160754","3","3519335074789701878","车主之家","2210323469390372042","新闻_综合新闻","11","1","2019/9/26 14:53:55"
"160755","3","7022510352330998581","网上车市","-4210992497191928187","资讯首页_车贷金融","11","1","2019/9/26 14:53:55"
"160756","3","7022510352330998581","网上车市","3582240272157201938","濮阳车市_车市资讯_濮阳车市访谈","11","1","2019/9/26 14:53:55"
"160757","3","3519335074789701878","车主之家","3300652166061245093","新闻_车商快讯_江门新车到店","11","1","2019/9/26 14:53:55"
"160758","3","7022510352330998581","网上车市","7057409402606164182","秦皇岛车市_车市资讯_新车实拍","11","1","2019/9/26 14:53:55"
"160759","3","3519335074789701878","车主之家","5421210700275600190","新闻_车商快讯_衡阳车商活动","11","1","2019/9/26 14:53:55"
"160760","3","-5679125685368392470","大众网","-1612459963787916536","汽车_行情","11","1","2019/9/26 14:53:55"
"160761","3","5686533346025925698","中国汽车工业协会","5221030829297288998","新闻中心_相关行业","11","1","2019/9/26 14:53:55"
"160762","3","-6782464757223742133","中国汽车消费网","-959820829099532192","资讯","11","1","2019/9/26 14:53:55"
"160763","3","7022510352330998581","网上车市","-3488569843398365616","鹤壁车市_车市资讯_新车实拍","11","1","2019/9/26 14:53:55"
"160764","3","7022510352330998581","网上车市","4863311805523307061","大同车市_车市资讯_大同商讯","11","1","2019/9/26 14:53:55"
"160765","3","-3622610995529170833","买车网","2555971302921213350","买车网_资讯","11","1","2019/9/26 14:53:55"
"160766","3","7022510352330998581","网上车市","-9180187516818012767","三亚车市_车市资讯","11","1","2019/9/26 14:53:55"
"160767","3","-9073791759129541807","购车网","-7853391397202471670","天津_汽车用品资讯","11","1","2019/9/26 14:53:55"
"160768","3","3519335074789701878","车主之家","1151945479596176166","新闻_销量数据","11","1","2019/9/26 14:53:55"
"160769","3","-9073791759129541807","购车网","8585192301382773849","郑州_汽车用品资讯","11","1","2019/9/26 14:53:55"
"160770","3","-937440567325932934","我爱车网","-8017438896538341761","业界动态","11","1","2019/9/26 14:53:55"
"160771","3","-1248708985569608091","中国新闻网","2631916286329241661","汽车频道_产业动向","11","1","2019/9/26 14:53:55"
"160772","3","-9073791759129541807","购车网","-434044059087609983","济南_汽车用品资讯","11","1","2019/9/26 14:53:55"
"160773","3","860957890603101798","汽车产经网","5724727934263856671","行业_论坛","11","1","2019/9/26 14:53:55"
"160774","3","3519335074789701878","车主之家","2780788768706136237","新闻_车商快讯_苏州车商动态","11","1","2019/9/26 14:53:55"
"160775","3","-2730290285931202493","新车评网","5159552176163258010","资讯","11","1","2019/9/26 14:53:55"
"160776","3","7022510352330998581","网上车市","-6029208700881895758","常州车市_车市资讯_商家促销","11","1","2019/9/26 14:53:55"
"160777","3","-1248708985569608091","中国新闻网","-4512817296404792488","中国新闻网吉林频道_汽车产业","11","1","2019/9/26 14:53:55"
"160778","3","8182248277739041429","车讯网","9147814278442849250","行业新闻","11","1","2019/9/26 14:53:55"
"160779","3","5686533346025925698","中国汽车工业协会","-8569530256696258592","新闻中心_市场动态","11","1","2019/9/26 14:53:55"
"160780","3","3519335074789701878","车主之家","-7246224166037128149","新闻_汽车文化","11","1","2019/9/26 14:53:55"
"160781","3","3519335074789701878","车主之家","3253262471427724681","新闻_车商快讯_南通新车到店","11","1","2019/9/26 14:53:55"
"160782","3","8182248277739041429","车讯网","1666052650792375308","地方分站新闻","11","1","2019/9/26 14:53:55"
"160783","3","7022510352330998581","网上车市","-7136109862289654202","益阳车市_车市资讯_新车实拍","11","1","2019/9/26 14:53:55"
"160784","3","-9073791759129541807","购车网","-2349893201121074192","韶关_汽车用品资讯","11","1","2019/9/26 14:53:55"
"160785","3","3519335074789701878","车主之家","6625271661688030255","新闻_车商快讯_成都车商动态","11","1","2019/9/26 14:53:55"
"160786","3","-1248708985569608091","中国新闻网","-2919365226811155946","汽车频道产业聚焦","11","1","2019/9/26 14:53:55"
"160787","3","7022510352330998581","网上车市","2967917654822951185","西安车市_车市资讯?车友关注","11","1","2019/9/26 14:53:55"
"160788","3","-4560584852676340248","浙江在线","-7514687635514573215","汽车频道_浙江车闻","11","1","2019/9/26 14:53:55"
"160789","3","-9073791759129541807","购车网","7971521861142743793","南昌_汽车用品资讯","11","1","2019/9/26 14:53:55"
"160790","3","7022510352330998581","网上车市","-6314714235837265412","巴彦淖尔车市_车市资讯","11","1","2019/9/26 14:53:55"
"160791","3","4540759796249141087","汽车头条","-9067209381366292731","资讯_行业_全部","11","1","2019/9/26 14:53:55"
"160792","3","3519335074789701878","车主之家","5525626587687613290","新闻_人物访谈","11","1","2019/9/26 14:53:55"
"160793","3","1593188829150627728","新车评","2433777174069489793","资讯","11","1","2019/9/26 14:53:55"
"160794","3","7022510352330998581","网上车市","-6120393328115894449","益阳车市_车市资讯_试驾评测","11","1","2019/9/26 14:53:55"
"160795","3","7022510352330998581","网上车市","4548564422310783913","深圳车市_车市资讯?降价行情","11","1","2019/9/26 14:53:55"
"160796","3","7022510352330998581","网上车市","-6885692652510015705","资讯_SUV_新车报道","11","1","2019/9/26 14:53:55"
"160797","3","3519335074789701878","车主之家","6534006564738276065","新闻_车商快讯_新车到店","11","1","2019/9/26 14:53:55"
"160798","3","-9073791759129541807","购车网","-9197096817572747272","杭州_汽车用品资讯","11","1","2019/9/26 14:53:55"
"160799","3","-1248708985569608091","中国新闻网","9217579410706199004","汽车频道_汽车访谈间","11","1","2019/9/26 14:53:55"
"160800","3","7022510352330998581","网上车市","8315061885651012050","盘锦车市_车市资讯_试驾评测","11","1","2019/9/26 14:53:55"
"160801","3","-8709606516749856786","全球汽配网","2518956278431054523","资讯","11","1","2019/9/26 14:53:55"
"160802","3","-9073791759129541807","购车网","6762675105947770626","东莞_汽车用品资讯","11","1","2019/9/26 14:53:55"
"160803","3","3519335074789701878","车主之家","7826993111837961564","新闻_车商快讯_长沙车商活动","11","1","2019/9/26 14:53:55"
"160804","3","-1248708985569608091","中国新闻网","-2043475212584061083","汽车频道公司要闻","11","1","2019/9/26 14:53:55"
"160805","3","-3005462077022849826","车问网","6230826729717791810","话题大全","11","1","2019/9/26 14:53:55"
"160806","3","4540759796249141087","汽车头条","-6581413754005605819","资讯_行业","11","1","2019/9/26 14:53:55"
"160807","3","-2730290285931202493","新车评网","3864982799067990707","选车中心_资讯","11","1","2019/9/26 14:53:55"
"160808","3","3519335074789701878","车主之家","5073758516833621042","新闻_车商快讯_衡阳车商动态","11","1","2019/9/26 14:53:55"
"160809","3","7022510352330998581","网上车市","369537010580509222","资讯_综合资讯","11","1","2019/9/26 14:53:55"
"160810","3","-1248708985569608091","中国新闻网","-3884326623682541691","汽车频道_明星车事","11","1","2019/9/26 14:53:55"
"160811","3","-9073791759129541807","购车网","-9179937391155053157","沈阳_汽车用品资讯","11","1","2019/9/26 14:53:55"
"160812","3","3519335074789701878","车主之家","-6690657504867793282","新闻_车商快讯_苏州车商活动","11","1","2019/9/26 14:53:55"
"160813","3","-1248708985569608091","中国新闻网","-7089520424538770648","汽车_车运动","11","1","2019/9/26 14:53:55"
"160814","3","7022510352330998581","网上车市","6686839379693906763","资讯_车市露点_行业资讯","11","1","2019/9/26 14:53:55"
"160815","3","3519335074789701878","车主之家","2491188040353480693","新闻_车商快讯_阳江新车到店","11","1","2019/9/26 14:53:55"
"160816","3","7022510352330998581","网上车市","-1166087335029841628","兰州车市_车市资讯_兰州商讯","11","1","2019/9/26 14:53:55"
"160817","3","-4560584852676340248","浙江在线","465466921599188009","汽车频道_浙江车闻_行业资讯","11","1","2019/9/26 14:53:55"
"160818","3","-5207558326205855169","汽车之友网","-2164878908594428451","资讯","11","1","2019/9/26 14:53:55"
"160819","3","4540759796249141087","汽车头条","8980263556238025935","行业_头条眼","11","1","2019/9/26 14:53:55"
"160820","3","7022510352330998581","网上车市","-2268958584626416430","汽车首页_自贡车市_车市资讯","11","1","2019/9/26 14:53:55"
"160821","3","-2730290285931202493","新车评网","6424435147617366351","选车中心_行业分析_车展资讯","11","1","2019/9/26 14:53:55"
"160822","3","3519335074789701878","车主之家","-1604297338708437643","新闻_车商快讯_北京新车到店","11","1","2019/9/26 14:53:55"
"160823","3","8182248277739041429","车讯网","-1966303190133076247","地方分站新闻_柳州_分站新闻_柳州","11","1","2019/9/26 14:53:55"
"160824","3","7022510352330998581","网上车市","6422996556230453786","常州车市_车市资讯_即时资讯","11","1","2019/9/26 14:53:55"
"160825","3","8182248277739041429","车讯网","-4534424731514041071","主站首页_滚动新闻","11","1","2019/9/26 14:53:55"
"160826","3","6749810884233114274","亚讯车网","2004932600120008799","新闻","11","1","2019/9/26 14:53:55"
"160827","3","7022510352330998581","网上车市","-6398350888735589025","泉州车市_车市资讯_泉州车市访谈","11","1","2019/9/26 14:53:55"
"160828","3","7022510352330998581","网上车市","-8700294718668442476","汕头车市_车市资讯","11","1","2019/9/26 14:53:55"
"160829","3","7643490730538832480","58车网","3713223123993483088","新闻","11","1","2019/9/26 14:53:55"
"160830","3","7022510352330998581","网上车市","-4512810139047748464","珠海车市_车市资讯","11","1","2019/9/26 14:53:55"
"160831","3","7022510352330998581","网上车市","2465181241397637604","资讯_汽车时尚_游记","11","1","2019/9/26 14:53:55"
"160832","3","7022510352330998581","网上车市","-1818449227813126807","漳州车市_车市资讯_新车实拍","11","1","2019/9/26 14:53:55"
"160833","3","-1759556419276406819","车天下汽车网","-7175627715594117410","汽车资讯_滚动资讯","11","1","2019/9/26 14:53:55"
"160834","3","4540759796249141087","汽车头条","8512993187715481358","汽车头条_行业_头条看板","11","1","2019/9/26 14:53:55"
"160835","3","-1248708985569608091","中国新闻网","-805686607743080002","汽车_车生活","11","1","2019/9/26 14:53:55"
"160836","3","7022510352330998581","网上车市","2178123524841995149","漳州车市_车市资讯_商家促销","11","1","2019/9/26 14:53:55"
"160837","3","7022510352330998581","网上车市","809304676136151498","益阳车市_车市资讯_益阳热门活动","11","1","2019/9/26 14:53:55"
"160838","3","7022510352330998581","网上车市","4687521423343761555","资讯首页_修车养车_改装鉴赏","11","1","2019/9/26 14:53:55"
"160839","3","8916582830699941115","中国汽车工业协会网","-7712291851347749384","新闻中心_市场动态","11","1","2019/9/26 14:53:55"
"160840","3","-5679125685368392470","大众网","-1638323404210616306","汽车","11","1","2019/9/26 14:53:55"
"160841","3","860957890603101798","汽车产经网","8198879579069860272","行业","11","1","2019/9/26 14:53:55"
"160842","3","-1759556419276406819","车天下汽车网","-2596088466252562159","汽车资讯","11","1","2019/9/26 14:53:55"
"160843","3","4540759796249141087","汽车头条","1408929942504598440","汽车头条_行业_头条数据","11","1","2019/9/26 14:53:55"
"160844","3","3519335074789701878","车主之家","2246613739094080491","新闻_车商快讯_南京车商活动","11","1","2019/9/26 14:53:55"
"160845","3","3519335074789701878","车主之家","9003123836129852570","新闻_车商快讯_温州新车到店","11","1","2019/9/26 14:53:55"
"160846","3","8182248277739041429","车讯网","-52396877104555684","原创新闻","11","1","2019/9/26 14:53:55"
"160847","3","5686533346025925698","中国汽车工业协会","8117597460012955876","首页-政策专区-政策动态","11","1","2019/9/26 14:53:55"
"160848","3","7022510352330998581","网上车市","-5272099012930134411","江门车市_车市资讯_试驾评测","11","1","2019/9/26 14:53:55"
"160849","3","-9073791759129541807","购车网","-1691841172728932472","重庆_汽车用品资讯","11","1","2019/9/26 14:53:55"
"160850","3","3519335074789701878","车主之家","-6055465954336102232","新闻_独家新闻","11","1","2019/9/26 14:53:55"
"160851","3","-5672661370788769583","商都网","7062750622141113893","商都网_汽车","11","1","2019/9/26 14:53:55"
"160852","3","-1765749376521402890","车天下汽车","-3746045311004770222","汽车资讯","11","1","2019/9/26 14:53:55"
"160853","3","4540759796249141087","汽车头条","2688374955731099421","行业","11","1","2019/9/26 14:53:56"
"160854","3","-9073791759129541807","购车网","-1156175180908317706","成都_汽车用品资讯","11","1","2019/9/26 14:53:56"
"160855","3","7022510352330998581","网上车市","-3973650286413074020","安庆车市_车市资讯_安庆商讯","11","1","2019/9/26 14:53:56"
"160856","3","7022510352330998581","网上车市","1096182414560899730","巴彦淖尔车市_车市资讯_试驾评测","11","1","2019/9/26 14:53:56"
"160857","3","8182248277739041429","车讯网","-4606646973634053022","进口名车_进口车新闻","11","1","2019/9/26 14:53:56"
"160858","3","-1248708985569608091","中国新闻网","-6406460238647957803","首页_汽车频道：车人物","11","1","2019/9/26 14:53:56"
"160859","3","7022510352330998581","网上车市","-7997344701538845594","宝鸡车市_车市资讯","11","1","2019/9/26 14:53:56"
"160860","3","-9073791759129541807","购车网","1348906681371457035","上海_汽车用品资讯","11","1","2019/9/26 14:53:56"
"160861","3","3519335074789701878","车主之家","3063057261153148266","新闻_黑幕曝光","11","1","2019/9/26 14:53:56"
"160862","3","-1248708985569608091","中国新闻网","-1920578462569990761","首页_汽车频道：车生活","11","1","2019/9/26 14:53:56"
"160863","3","5365766253125795118","深圳汽车大世界网","3187741454956365409","汽车资讯","11","1","2019/9/26 14:53:56"
"160864","3","-8585847765868225994","中国新闻网_福建","-4144909253079869423","汽车新闻","11","1","2019/9/26 14:53:56"
"160865","3","-1631123393635066558","爱买车网","-5582580703389372763","企业资讯","11","1","2019/9/26 14:53:56"
"160866","3","7022510352330998581","网上车市","-6642582973976782424","资讯首页_评测导购_试驾评测","11","1","2019/9/26 14:53:56"
"160867","3","7022510352330998581","网上车市","457613907530041082","资讯首页_行业研究_媒体动态","11","1","2019/9/26 14:53:56"
"160868","3","-9073791759129541807","购车网","2013319086177385542","南京_汽车用品资讯","11","1","2019/9/26 14:53:56"
"160869","3","7022510352330998581","网上车市","6066243618105055786","资讯首页_评测导购","11","1","2019/9/26 14:53:56"
"160870","3","-2840232495139409290","和讯网","-1112049731634520986","汽车首页_和讯汽车原创","11","1","2019/9/26 14:53:56"
"160871","3","-3622610995529170833","买车网","8029482008931323867","买车网_资讯_热点动态","11","1","2019/9/26 14:53:56"
"160872","3","3519335074789701878","车主之家","3572584504375275969","新闻_车商快讯_佛山车商活动","11","1","2019/9/26 14:53:56"
"160873","3","7022510352330998581","网上车市","-2640787357983925631","通辽车市_车市资讯","11","1","2019/9/26 14:53:56"
"160874","3","3519335074789701878","车主之家","8463427891488761120","新闻_汽车导购_车型图解","11","1","2019/9/26 14:53:56"
"160875","3","-8727611853875693027","汽车口碑网","-432817763069803236","汽车资讯_焦点_国产新车","11","1","2019/9/26 14:53:56"
"160876","3","3519335074789701878","车主之家","-3507084647558652851","新闻_车商快讯_昆明车商活动","11","1","2019/9/26 14:53:56"
"160877","3","7022510352330998581","网上车市","224057591451449223","资讯首页_SUV","11","1","2019/9/26 14:53:56"
"160878","3","-3196347480118935639","河北新闻网","-3363363194400958749","汽车_本网原创","11","1","2019/9/26 14:53:56"
"160879","3","7022510352330998581","网上车市","6992235430688573398","承德车市_车市资讯_即时资讯","11","1","2019/9/26 14:53:56"
"160880","3","-9073791759129541807","购车网","8540448946038762807","中山_汽车用品资讯","11","1","2019/9/26 14:53:56"
"160881","3","-5672661370788769583","商都网","6723893738759338012","商都网汽车频道_行业新闻","11","1","2019/9/26 14:53:56"
"160882","3","-5672661370788769583","商都网","-7148294001681707402","商都网汽车频道_本地新闻","11","1","2019/9/26 14:53:56"
"160883","3","7022510352330998581","网上车市","-2851011858474170135","金华车市_车市资讯_即时资讯","11","1","2019/9/26 14:53:56"
"160884","3","3519335074789701878","车主之家","-7874286422443436958","新闻_车商快讯_广州车商活动","11","1","2019/9/26 14:53:56"
"160885","3","-6489007195237090155","中国汽车报网","","","11","1","2019/9/26 14:53:56"
"160886","3","3519335074789701878","车主之家","-7026602328300290866","新闻","11","1","2019/9/26 14:53:56"
"160887","3","3519335074789701878","车主之家","8877662874195556004","新闻_车商快讯_深圳车商活动","11","1","2019/9/26 14:53:56"
"160888","3","7022510352330998581","网上车市","-7473571375373860106","兰州车市_车市资讯_新车实拍","11","1","2019/9/26 14:53:56"
"160889","3","-1248708985569608091","中国新闻网","5714025590200314485","首页_汽车频道：车运动","11","1","2019/9/26 14:53:56"
"160890","3","-8727611853875693027","汽车口碑网","-4433708068863285608","汽车资讯_焦点","11","1","2019/9/26 14:53:56"
"160891","3","4540759796249141087","汽车头条","-7386993484159886298","汽车头条_行业","11","1","2019/9/26 14:53:56"
"160892","3","3519335074789701878","车主之家","3557431089405967855","新闻_用车知识","11","1","2019/9/26 14:53:56"
"160893","3","7189688154484144398","SUV汽车网","","","11","1","2019/9/26 14:53:56"
"160894","3","3519335074789701878","车主之家","-6201050614684437243","新闻_车商快讯_南宁新车到店","11","1","2019/9/26 14:53:56"
"160895","3","7022510352330998581","网上车市","-4492548475226770467","桂林车市_车市资讯_即时资讯","11","1","2019/9/26 14:53:56"
"160896","3","7022510352330998581","网上车市","-6916358026890963844","肇庆车市_车市资讯_试驾评测","11","1","2019/9/26 14:53:56"
"160897","3","-3196347480118935639","河北新闻网","-344352185179012435","汽车_车市新闻","11","1","2019/9/26 14:53:56"
"160898","3","-9073791759129541807","购车网","3206731766380242263","福州_汽车用品资讯","11","1","2019/9/26 14:53:56"
"160899","3","4540759796249141087","汽车头条","-2635600007080906097","资讯","11","1","2019/9/26 14:53:56"
"160900","3","7022510352330998581","网上车市","8996433503755715190","资讯_汽车时尚","11","1","2019/9/26 14:53:56"
"160901","3","3519335074789701878","车主之家","6115821691545018523","新闻_车商快讯_车商活动","11","1","2019/9/26 14:53:56"
"160902","3","7022510352330998581","网上车市","-6425797714988928448","青岛车市_车市资讯","11","1","2019/9/26 14:53:56"
"160903","3","-8727611853875693027","汽车口碑网","-7588160235918246032","汽车资讯_焦点_业界动态","11","1","2019/9/26 14:53:56"
"160904","3","7022510352330998581","网上车市","5675038299939196750","淄博车市_车市资讯_新车实拍","11","1","2019/9/26 14:53:56"
"160905","3","3519335074789701878","车主之家","5768278820230037547","新闻_车商快讯_昆明新车到店","11","1","2019/9/26 14:53:56"
"160906","3","7022510352330998581","网上车市","-3065172162775749131","武汉车市_车市资讯?车友关注","11","1","2019/9/26 14:53:56"
"160907","3","7022510352330998581","网上车市","-3541534024699830014","南充车市_车市资讯","11","1","2019/9/26 14:53:56"
"160908","3","7022510352330998581","网上车市","-2397568190199213089","南宁车市_车市资讯_南宁车市访谈","11","1","2019/9/26 14:53:56"
"160909","3","5497898801613847553","第一车网","-3069566596861785485","新闻","11","1","2019/9/26 14:53:56"
"160910","3","3519335074789701878","车主之家","-9196542304209674187","新闻_车商快讯_无锡新车到店","11","1","2019/9/26 14:53:56"
"160911","3","6729801735480049686","汽车消费网","-1698123850015418313","资讯","11","1","2019/9/26 14:53:56"
"160912","3","7022510352330998581","网上车市","-8722054955435126701","贵阳车市_车市资讯_贵阳商讯","11","1","2019/9/26 14:53:56"
"160913","3","6607048707098390302","凤凰网","1331469501523350520","凤凰汽车_行业_行业专栏","11","1","2019/9/26 14:53:56"
"160914","3","3519335074789701878","车主之家","-5220235292385002836","新闻_车商快讯_温州车商活动","11","1","2019/9/26 14:53:56"
"160915","3","-1248708985569608091","中国新闻网","-1728870235646566192","中新汽车频道_车运动","11","1","2019/9/26 14:53:56"
"160916","3","-2730290285931202493","新车评网","9005148359168956633","选车_资讯","11","1","2019/9/26 14:53:56"
"160917","3","7022510352330998581","网上车市","22048191187418294","邯郸车市_车市资讯_即时资讯","11","1","2019/9/26 14:53:56"
"160918","3","7022510352330998581","网上车市","-7051442962077388775","资讯_车市露点_厂商","11","1","2019/9/26 14:53:56"
"160919","3","2136574236516552510","汽车探索","3937344674177636589","汽车探索_资讯","11","1","2019/9/26 14:53:56"
"160920","3","7022510352330998581","网上车市","-1439918208452522047","资讯_SUV","11","1","2019/9/26 14:53:56"
"160921","3","7022510352330998581","网上车市","-3934348372938760547","资讯首页_行业研究_行业研究","11","1","2019/9/26 14:53:56"
"160922","3","7022510352330998581","网上车市","-7736872913742067092","资讯_车市露点_厂商_要闻","11","1","2019/9/26 14:53:56"
"160923","3","-1691546094441088862","人民网","-6883159510881031905","人民网_人民网汽车_国内新闻","11","1","2019/9/26 14:53:56"
"160924","3","3519335074789701878","车主之家","-5578536596910855408","新闻_车商快讯_长沙新车到店","11","1","2019/9/26 14:53:56"
"160925","3","7022510352330998581","网上车市","2344095085453561798","资讯_新车报道","11","1","2019/9/26 14:53:56"
"160926","3","7022510352330998581","网上车市","-6322508187524238880","恩施车市_车市资讯_商家促销","11","1","2019/9/26 14:53:56"
"160927","3","-2840232495139409290","和讯网","-5042265086253337901","汽车_汽车要闻","11","1","2019/9/26 14:53:56"
"160928","3","-6429044020594627414","四川新闻网","-5435110442276028291","汽车_新闻_行业动态","11","1","2019/9/26 14:53:56"
"160929","3","7022510352330998581","网上车市","-447680197490891993","昆明车市_车市资讯_昆明热门活动","11","1","2019/9/26 14:53:56"
"160930","3","3519335074789701878","车主之家","-7489167618142887777","新闻_车商快讯_重庆车商活动","11","1","2019/9/26 14:53:56"
"160931","3","5633141236499180732","太阳能电动汽车网","1600898237273964761","太阳能电动汽车网_行业资讯_太阳能电动车","11","1","2019/9/26 14:53:56"
"160932","3","736392662840094165","时代汽车网","","","11","1","2019/9/26 14:53:56"
"160933","3","5824813010750740292","AI汽车网","-7484967848773722406","行业分析","11","1","2019/9/26 14:53:56"
"160934","3","1120018217835149745","汽车之家","-7217369770536048446","新闻_行业动态","11","1","2019/9/26 14:53:56"
"160935","3","3519335074789701878","车主之家","2689339906038661856","新闻_车商快讯_玉溪新车到店","11","1","2019/9/26 14:53:56"
"160936","3","-2840232495139409290","和讯网","-8119628747358056714","汽车_车企动态","11","1","2019/9/26 14:53:56"
"160937","3","7022510352330998581","网上车市","-8568917878366298791","南平车市_车市资讯","11","1","2019/9/26 14:53:56"
"160938","3","7022510352330998581","网上车市","-2279867654245851570","安阳车市_车市资讯_安阳车市访谈","11","1","2019/9/26 14:53:56"
"160939","3","-2840232495139409290","和讯网","-3101232653362496834","和讯汽车_车企动态","11","1","2019/9/26 14:53:56"
"160940","3","7022510352330998581","网上车市","-8978566308348154488","资讯","11","1","2019/9/26 14:53:56"
"160941","3","-2840232495139409290","和讯网","-7152688776309770295","汽车首页_汽车产业资讯_车企动态","11","1","2019/9/26 14:53:56"
"160942","3","-6026655846763451985","深圳网;深圳新闻网","-2413197818708173585","新汽车_热点","11","1","2019/9/26 14:53:56"
"160943","3","8279404081563991145","慧聪汽车用品网","7600707204136140946","行业资讯_企业动态","11","1","2019/9/26 14:53:56"
"160944","3","404900936896164787","深圳新闻网","3864256936997019749","汽车_热点","11","1","2019/9/26 14:53:56"
"160945","3","8279404081563991145","慧聪汽车用品网","-353202912317410558","行业资讯_市场分析","11","1","2019/9/26 14:53:56"
"160946","3","404900936896164787","深圳新闻网","734232744246206708","新汽车_热点","11","1","2019/9/26 14:53:56"
"160947","3","404900936896164787","深圳新闻网","-6554492414059486053","汽车_聚焦","11","1","2019/9/26 14:53:56"
"160948","3","3848692403608200459","青岛新闻网","2376202129428078837","汽车_资讯","11","1","2019/9/26 14:53:56"
"160949","3","2685505257100880089","央广网","-6915628686789742028","汽车","11","1","2019/9/26 14:53:56"
"160950","3","-8181634869777955721","环球网","-7378828219846904216","环球汽车_国际车讯","11","1","2019/9/26 14:53:56"
"160951","3","-8181634869777955721","环球网","632247499691137797","环球网_汽车_国际车讯","11","1","2019/9/26 14:53:56"
"160952","3","-8181634869777955721","环球网","-5706760741154944814","汽车_国际车讯","11","1","2019/9/26 14:53:56"
"160953","3","-8181634869777955721","环球网","4587114039330007944","环球汽车_国内车讯","11","1","2019/9/26 14:53:56"
"160954","3","-1691546094441088862","人民网","-4530375126040670483","汽车_行业动态","11","1","2019/9/26 14:53:56"
"160955","3","-8181634869777955721","环球网","-1639325000505386065","汽车_国内车讯","11","1","2019/9/26 14:53:56"
"160956","3","-8181634869777955721","环球网","4788440226325831071","环球网_汽车_国内车讯","11","1","2019/9/26 14:53:56"
"160957","3","-8181634869777955721","环球网","2851599526300326331","汽车_海外咨讯","11","1","2019/9/26 14:53:56"
"160958","3","-6429044020594627414","四川新闻网","-4647483927123153108","汽车_新闻","11","1","2019/9/26 14:53:56"
"160959","3","-4130429354895816436","中国汽车工业信息网","","","11","1","2019/9/26 14:53:56"
"160960","3","-565370613657350836","网易汽车","","","11","1","2019/9/26 14:53:56"
"160961","3","3156540654032442522","百度新闻移动端","-7016551692886365106","汽车","31","1","2019/9/26 14:53:56"
"160962","3","-4222528107193668298","腾讯汽车","","","11","1","2019/9/26 14:53:56"
"160963","3","6607048707098390302","凤凰网","2283625909904379521","汽车_行业_访谈","11","1","2019/9/26 14:53:56"
"160964","3","5824813010750740292","AI汽车网","1167054455053946027","厂商动态","11","1","2019/9/26 14:53:56"
"160965","3","5824813010750740292","AI汽车网","-7331070320691493550","新闻_厂商动态","11","1","2019/9/26 14:53:56"
"160966","3","-4600004843132378071","盖世汽车","","","11","1","2019/9/26 14:53:56"
"160967","3","1120018217835149745","汽车之家","","","11","1","2019/9/26 14:53:56"
"160968","3","333858568614217971","盖世汽车网","-6051584779516416803","首页","11","1","2019/9/26 14:53:56"
